<keymap version="1" name="golandKeymap" parent="$default">
  <action id="$EditorTranslateAction">
    <keyboard-shortcut first-keystroke="alt y" />
  </action>
  <action id="$Redo">
    <keyboard-shortcut first-keystroke="shift ctrl z" />
    <keyboard-shortcut first-keystroke="shift alt back_space" />
    <keyboard-shortcut first-keystroke="ctrl y" />
  </action>
  <action id="$TerminalTranslationAction">
    <keyboard-shortcut first-keystroke="alt y" />
  </action>
  <action id="$ToggleQuickDocTranslationAction" />
  <action id="$TranslateQuickDocAction" />
  <action id="$TranslateRenderedDocSelectionAction">
    <keyboard-shortcut first-keystroke="alt y" />
  </action>
  <action id="$TranslateTextComponent">
    <keyboard-shortcut first-keystroke="alt y" />
  </action>
  <action id="Back">
    <mouse-shortcut keystroke="button4" />
    <keyboard-shortcut first-keystroke="ctrl left" />
  </action>
  <action id="CopyElement" />
  <action id="DatabaseView.CopyTable" />
  <action id="Editor EditorTranslateAction">
    <keyboard-shortcut first-keystroke="alt y" />
  </action>
  <action id="Editor TerminalTranslationAction">
    <keyboard-shortcut first-keystroke="alt y" />
  </action>
  <action id="Editor TranslateRenderedDocSelectionAction">
    <keyboard-shortcut first-keystroke="alt y" />
  </action>
  <action id="Editor TranslateTextComponent">
    <keyboard-shortcut first-keystroke="alt y" />
  </action>
  <action id="EditorDeleteLine">
    <keyboard-shortcut first-keystroke="alt d" />
  </action>
  <action id="EditorNextWord">
    <keyboard-shortcut first-keystroke="ctrl alt right" />
  </action>
  <action id="EditorPreviousWord">
    <keyboard-shortcut first-keystroke="ctrl alt left" />
  </action>
  <action id="Find">
    <keyboard-shortcut first-keystroke="ctrl f" />
  </action>
  <action id="FindInPath">
    <keyboard-shortcut first-keystroke="alt f" />
  </action>
  <action id="Forward">
    <mouse-shortcut keystroke="button5" />
    <keyboard-shortcut first-keystroke="ctrl right" />
  </action>
  <action id="Go.NewGoFile">
    <keyboard-shortcut first-keystroke="alt g" />
  </action>
  <action id="Graph.ApplyCurrentLayout" />
  <action id="Move" />
  <action id="NewDir">
    <keyboard-shortcut first-keystroke="alt e" />
  </action>
  <action id="NewFile">
    <keyboard-shortcut first-keystroke="alt t" />
  </action>
  <action id="NextDiff" />
  <action id="PinBalloonAction">
    <keyboard-shortcut first-keystroke="alt y" />
  </action>
  <action id="ReplaceInPath">
    <keyboard-shortcut first-keystroke="alt r" />
  </action>
  <action id="Resume">
    <keyboard-shortcut first-keystroke="f8" />
  </action>
  <action id="RevealIn">
    <keyboard-shortcut first-keystroke="alt b" />
  </action>
  <action id="StepInto">
    <keyboard-shortcut first-keystroke="f6" />
  </action>
  <action id="StepOut">
    <keyboard-shortcut first-keystroke="f7" />
  </action>
  <action id="StepOver">
    <keyboard-shortcut first-keystroke="f5" />
  </action>
</keymap>