<application>
  <component name="ProjectManager">
    <defaultProject>
      <component name="GOROOT" url="file://D:/programme/GO" />
      <component name="PropertiesComponent">{
  &quot;keyToString&quot;: {
    &quot;go.import.settings.migrated&quot;: &quot;true&quot;,
    &quot;settings.editor.selected.configurable&quot;: &quot;editing.templates&quot;
  }
}</component>
      <component name="VgoProject">
        <environment>
          <map>
            <entry key="GOPROXY" value="direct" />
          </map>
        </environment>
      </component>
      <component name="WindowStateProjectService">
        <state x="270" y="24" key="SettingsEditor" timestamp="1686989789214">
          <screen x="0" y="0" width="1536" height="824" />
        </state>
        <state x="270" y="24" key="SettingsEditor/0.0.1536.824" timestamp="1686989789214" />
      </component>
    </defaultProject>
  </component>
</application>