<application>
  <component name="Translation.Cache">
    <option name="lastTrimTime" value="1688400694632" />
  </component>
  <component name="Translation.Settings">
    <option name="baiduTranslateSettings">
      <app-key>
        <option name="appId" value="20230414001641919" />
      </app-key>
    </option>
    <option name="primaryLanguage" value="CHINESE" />
    <option name="translator" value="BAIDU" />
  </component>
  <component name="Translation.States">
    <option name="newTranslationDialogWidth" value="598" />
    <option name="newTranslationDialogX" value="623" />
    <option name="newTranslationDialogY" value="343" />
    <histories>
      <item value="The system cannot find the file specified." />
      <item value="2023/07/04 00:10:52 error: config file etc/admin.yaml, type mismatch for field &quot;User.Password&quot;, fullName: User, field: Password, type: string&#10;" />
      <item value="IsExported reports whether the field is exported." />
      <item value="Interface returns v's current value as an interface{}. It is equivalent to: var i interface{} = (v's underlying value) It panics if the Value was obtained by accessing unexported struct fields." />
      <item value="cannot return value obtained from unexported field or method" />
      <item value="Interceptor" />
      <item value="CanSet reports whether the value of v can be changed. A Value can be changed only if it is addressable and was not obtained by the use of unexported struct fields. If CanSet returns false, calling Set or any type-specific setter (e.g., SetBool, SetInt) will panic." />
      <item value="IsValid reports whether v represents a value. It returns false if v is the zero Value. If IsValid returns false, all other methods except String panic. Most functions and methods never return an invalid Value. If one does, its documentation states the conditions explicitly." />
      <item value="call of reflect.Value.FieldByName on zero Value&#10;" />
      <item value="call of reflect.Value.NumField on ptr Value" />
      <item value="NumField returns the number of fields in the struct v. It panics if v's Kind is not Struct." />
      <item value="reflect: call of reflect.Value.FieldByName on interface Value" />
      <item value="result parameter err not in scope at return" />
      <item value="ValueOf returns a new Value initialized to the concrete value stored in the interface i. ValueOf(nil) returns the zero Value." />
      <item value="Elem returns the value that the interface v contains or that the pointer v points to. It panics if v's Kind is not Interface or Pointer. It returns the zero Value if v is nil." />
      <item value=" This file contains proto3 optional fields, but --experimental_allow_proto3_optional was not set" />
      <item value="Article Info Update Req" />
      <item value="Order Key" />
      <item value="article" />
      <item value="文章" />
      <item value="travel" />
      <item value="ResolveReference resolves a URI reference to an absolute URI from an absolute base URI u, per RFC 3986 Section 5.2. The URI reference may be relative or absolute. ResolveReference always returns a new URL instance, even if the returned URL is identical to either the base or reference. If ref is an absolute URL, then ResolveReference ignores base and returns a copy of ref." />
      <item value="Mode represents the logging mode, default is `console`. console: log to console. file: log to file. volume: used in k8s, prepend the hostname to the log file name." />
      <item value="Debug start debug mode" />
      <item value="resp" />
      <item value="Parse parses a raw url into a URL structure. The url may be relative (a path, without a host) or absolute (starting with a scheme). Trying to parse a hostname and path without a scheme is invalid but may not necessarily return an error, due to parsing ambiguities." />
    </histories>
    <option name="languageScores">
      <map>
        <entry key="CHINESE" value="24" />
        <entry key="ENGLISH" value="25" />
      </map>
    </option>
  </component>
</application>